Filename,Dataset,Indoor/Outdoor,Day/Night,Glare,Shimmer,Streak,LightSource
1,training,1,1,0,0,0,0
2,training,1,1,1,1,0,2
3,training,1,1,1,1,0,2
4,training,1,1,1,1,0,2
5,test,1,1,1,1,0,2
6,training,1,1,1,1,0,2
8,training,1,1,1,1,0,2
9,training,1,1,1,1,0,0
10,training,1,1,1,1,0,2
11,training,1,1,1,1,0,2
12,training,1,1,1,1,0,2
13,training,1,1,0,0,0,0
14,training,1,1,0,0,0,0
15,training,1,1,0,0,0,0
16,training,1,1,0,0,0,0
17,training,1,1,1,1,0,2
18,training,1,1,1,1,0,2
19,training,1,1,1,1,0,2
20,validation,1,1,1,1,0,2
21,test,1,1,1,1,0,2
22,test,1,1,1,1,0,2
23,validation,1,1,1,1,0,2
24,training,1,1,0,0,0,0
25,training,1,1,1,1,1,2
26,training,1,1,1,1,1,2
27,validation,1,1,1,1,0,2
28,training,1,1,0,0,0,0
29,test,1,1,1,1,0,2
30,validation,1,1,1,1,0,2
31,training,1,1,1,1,0,2
32,training,1,1,1,1,0,2
33,training,1,1,1,1,0,2
34,training,1,1,1,1,0,2
35,training,1,1,1,1,0,2
36,training,1,1,0,0,0,0
37,training,1,1,0,0,0,0
38,training,1,1,0,0,0,0
39,training,1,1,1,1,0,2
40,training,3,2,0,0,0,0
41,training,3,2,1,1,1,1
42,training,3,2,0,0,1,1
43,training,1,2,1,1,1,1
44,training,3,2,0,0,0,0
45,training,3,2,0,0,0,0
46,training,3,2,1,1,0,1
47,training,3,2,0,0,0,0
48,training,3,2,0,0,0,0
49,training,3,2,0,0,1,1
51,training,3,2,1,1,1,1
52,training,3,2,1,0,1,1
53,test,3,2,1,1,1,1
54,training,3,2,0,0,0,0
55,training,1,1,1,1,1,2
56,training,1,1,1,1,1,2
57,training,1,1,1,1,1,2
58,training,1,1,1,1,1,2
59,training,1,1,0,0,0,0
60,training,1,1,0,0,0,0
61,training,1,1,0,0,0,0
62,training,1,1,0,0,0,0
63,training,1,1,0,0,0,0
64,training,1,1,1,1,0,2
65,training,1,1,1,1,0,2
66,training,1,1,1,1,0,2
67,training,1,1,1,1,0,2
68,training,1,1,1,1,0,2
69,training,1,1,1,1,0,2
70,training,1,1,1,1,0,2
72,training,1,1,1,1,0,2
73,training,1,1,1,1,1,2
74,training,1,1,1,1,1,2
75,training,1,1,1,1,0,2
76,training,1,1,1,1,0,2
77,training,1,1,1,1,0,2
79,training,1,1,1,1,0,2
80,training,1,1,1,1,1,2
81,training,1,1,1,1,1,2
82,training,1,1,1,1,1,2
83,training,1,1,1,1,1,2
84,training,1,1,1,1,1,2
85,training,1,1,1,1,1,2
86,training,1,1,1,1,1,2
87,training,1,1,1,1,1,2
88,training,1,2,1,1,0,3
89,training,1,1,1,1,0,2
90,training,1,2,1,1,0,3
91,validation,3,2,0,0,0,0
92,training,3,2,0,0,0,0
93,training,3,2,0,0,0,0
94,training,3,2,0,0,0,0
95,training,3,2,1,1,1,1
96,training,3,2,1,1,1,1
97,training,3,2,1,1,1,1
98,training,3,2,1,1,1,1
99,test,3,2,0,0,1,1
100,training,3,2,0,0,0,0
101,training,3,2,1,1,0,2
102,training,3,2,1,1,0,3
103,training,3,2,1,1,0,3
104,training,3,2,0,0,0,0
105,training,3,2,0,0,0,0
106,training,3,2,0,0,0,0
107,training,3,2,0,0,0,0
108,training,3,2,1,1,0,1
109,training,3,2,1,1,0,1
110,test,3,2,1,0,0,1
111,training,3,2,1,0,0,1
112,training,3,2,1,0,0,1
113,training,3,2,1,1,0,1
114,validation,3,2,1,1,0,1
115,training,3,2,0,0,0,0
116,training,3,2,0,0,0,0
117,test,3,2,0,0,0,0
118,training,3,2,1,1,0,1
119,training,3,2,1,1,0,1
120,training,3,2,1,0,0,1
121,training,1,1,1,1,1,2
122,training,1,1,1,1,1,2
123,training,1,2,1,1,1,2
124,training,1,2,1,1,1,2
125,training,1,2,1,1,1,2
126,training,1,2,1,1,0,2
127,training,1,1,1,1,0,2
128,training,1,1,1,1,0,2
129,training,1,1,1,1,0,2
130,training,1,1,1,1,1,2
131,training,1,2,1,1,1,2
132,training,1,2,1,1,1,2
133,training,1,2,1,1,0,2
134,training,1,2,1,1,1,2
135,training,1,2,1,1,1,2
136,training,1,1,1,1,0,2
137,training,1,1,1,1,1,2
138,training,1,1,1,1,1,2
139,training,1,1,1,1,0,2
140,test,1,1,1,1,0,2
141,training,1,1,1,1,1,2
142,training,1,1,1,1,1,2
143,training,1,1,1,1,1,2
144,training,1,1,1,1,1,2
146,training,1,1,1,1,1,2
147,training,1,1,1,1,1,2
148,training,1,1,0,0,1,2
149,training,1,1,1,1,0,2
150,training,1,1,1,1,1,2
151,validation,1,1,1,1,1,2
152,training,1,1,1,1,1,2
153,training,1,1,1,1,1,2
154,training,1,1,1,1,1,2
155,training,1,1,1,1,1,2
156,training,1,1,1,1,0,2
157,training,1,1,1,1,0,2
158,training,1,2,1,1,1,3
159,training,1,1,0,0,0,0
160,training,1,1,0,0,0,0
161,training,1,1,1,1,0,2
162,training,1,1,1,1,0,2
163,training,1,1,1,1,0,2
164,training,1,1,1,1,0,2
165,training,1,1,1,1,0,2
167,training,1,1,1,1,0,2
168,training,1,1,1,1,1,2
169,training,1,1,1,1,1,2
170,test,1,1,1,1,0,2
171,training,1,1,1,1,0,2
172,training,1,1,0,0,0,0
173,training,1,1,1,1,0,2
174,training,1,1,1,1,0,2
175,training,1,1,1,1,0,2
176,training,1,1,1,1,0,2
177,training,1,1,1,1,0,2
178,training,1,1,1,1,1,2
179,training,1,1,1,1,1,2
180,training,1,1,1,1,1,2
181,training,1,1,1,1,1,2
182,training,1,1,1,1,0,2
183,training,1,1,1,1,1,2
184,training,1,1,1,1,1,2
185,training,1,1,1,1,0,2
186,training,1,1,1,1,0,2
187,training,1,1,1,1,1,2
188,training,1,1,1,1,0,2
189,training,1,1,1,0,0,2
190,training,1,1,1,1,0,2
191,training,1,1,1,1,1,2
192,training,1,1,1,1,0,2
193,training,1,1,1,1,0,2
195,training,1,1,1,1,1,2
196,training,1,1,1,1,1,2
197,training,1,1,1,1,1,2
198,training,1,1,1,1,1,2
199,training,1,1,1,1,0,2
200,training,1,1,1,1,1,2
201,training,1,1,1,1,1,2
202,training,1,1,1,1,1,2
203,training,1,1,1,1,1,2
205,training,1,1,1,1,0,2
206,training,1,1,1,1,1,2
207,training,1,1,1,1,0,2
208,training,1,1,1,1,0,2
210,validation,1,1,1,1,1,2
214,training,1,1,1,1,0,2
215,training,1,1,1,1,0,2
216,training,1,1,1,1,0,2
217,training,1,1,1,1,0,2
218,training,1,1,1,1,0,2
219,training,1,1,1,1,0,2
220,training,1,1,1,1,0,2
221,training,1,1,1,1,1,2
222,training,1,1,1,1,0,2
223,training,1,1,1,1,0,2
224,training,1,1,1,1,0,2
225,training,1,1,1,1,1,2
226,training,1,1,1,1,0,2
227,training,1,1,1,1,1,2
228,training,1,1,1,1,0,2
229,training,1,1,1,1,0,2
230,training,1,1,1,1,0,2
231,training,1,1,1,1,0,2
234,training,1,1,1,1,0,2
237,training,1,1,1,1,0,2
238,test,1,1,1,1,1,2
239,training,1,1,1,1,0,2
240,training,1,1,1,1,0,2
242,training,1,1,1,1,0,2
244,training,1,1,1,1,0,2
246,training,1,1,1,1,0,2
247,training,1,1,1,1,0,2
248,training,1,1,1,1,0,2
249,training,1,1,1,1,0,2
250,training,1,1,1,1,1,2
251,training,1,1,1,1,1,2
252,training,1,1,1,1,1,2
253,training,1,1,1,1,1,2
254,training,1,1,1,1,0,2
255,training,1,1,1,1,1,2
256,training,1,1,1,1,0,2
257,training,1,2,1,1,0,2
259,training,1,2,1,1,0,2
260,training,1,2,1,1,0,2
261,training,1,1,1,1,0,2
262,training,1,1,1,1,0,2
263,training,3,2,1,1,0,1
265,training,3,2,1,0,0,3
266,training,1,1,1,1,1,2
267,training,1,1,1,1,1,2
268,training,1,1,1,1,1,2
269,training,1,1,1,1,1,2
271,training,1,1,1,1,0,2
272,training,1,1,1,1,0,2
273,training,1,1,1,1,0,2
274,training,1,1,1,1,0,2
275,training,1,1,1,1,1,2
276,training,1,1,1,1,0,2
277,training,1,1,1,1,1,2
278,training,1,1,1,1,1,2
279,training,3,3,1,1,0,2
280,training,3,3,1,1,0,2
281,training,3,3,1,1,0,2
282,training,3,3,1,1,0,2
284,training,3,3,1,1,1,2
285,test,3,3,1,1,0,2
287,training,3,3,1,1,0,2
289,training,3,3,1,1,1,2
293,test,3,3,1,1,0,2
294,training,3,3,1,1,0,2
295,validation,3,2,1,1,0,2
296,training,3,3,1,1,1,2
297,training,3,3,1,1,1,2
298,training,3,3,1,1,1,2
299,training,3,3,1,1,1,2
300,training,3,3,1,1,1,2
301,training,3,3,1,1,1,2
302,training,3,3,1,1,1,2
303,training,3,3,1,1,1,2
304,training,3,3,1,1,1,2
305,training,3,3,1,1,1,2
306,training,3,3,1,1,1,2
307,training,3,3,1,1,0,2
308,training,3,3,1,1,0,2
310,training,3,3,0,0,0,0
311,training,3,3,1,1,0,3
312,training,3,3,1,1,0,3
313,test,3,3,1,1,0,2
314,training,3,3,1,1,1,2
315,training,3,3,1,1,0,2
316,training,3,3,1,1,0,2
317,training,3,3,1,1,0,2
318,training,3,3,1,1,1,2
319,training,3,3,1,1,1,2
321,training,3,3,1,1,0,2
322,training,3,3,1,1,0,2
323,training,3,3,1,1,1,2
324,training,3,3,1,1,1,2
325,training,3,3,1,1,1,2
326,training,3,3,1,1,1,2
327,training,3,3,1,1,1,2
328,training,3,3,1,1,1,2
329,training,3,3,1,1,0,2
330,training,3,3,1,1,0,2
331,training,3,3,1,1,1,2
332,training,3,3,1,1,1,2
333,training,3,3,1,1,1,2
334,training,3,3,1,1,1,2
335,training,3,3,1,1,1,2
336,training,3,3,1,1,1,2
337,training,3,3,1,1,1,2
338,training,3,3,1,1,1,2
339,training,3,3,1,1,1,2
340,training,1,1,1,1,1,2
341,test,1,1,1,1,0,2
343,training,1,1,1,0,0,2
344,training,1,1,1,1,0,2
345,training,1,1,1,1,0,2
346,training,1,1,1,1,0,2
347,training,1,1,1,1,0,2
348,training,1,1,1,1,0,2
349,training,1,1,1,1,1,2
350,training,1,1,1,1,1,2
351,training,1,1,1,1,1,2
352,training,1,1,1,1,1,2
353,training,1,1,1,1,1,2
354,training,1,1,1,1,1,2
355,training,1,1,1,1,1,2
356,training,1,1,1,1,1,2
357,training,1,1,1,1,0,2
358,training,1,1,1,1,1,2
359,training,3,3,1,1,1,2
360,training,3,3,1,1,1,2
361,training,3,3,1,1,1,2
362,training,3,3,1,1,1,2
363,training,3,3,1,1,1,2
364,training,3,3,1,1,1,2
365,training,3,3,1,1,1,2
366,training,1,1,1,1,1,2
367,training,1,1,1,1,1,2
368,training,1,1,1,1,1,2
370,training,1,1,1,1,1,2
371,training,1,1,1,1,1,2
372,training,1,1,1,1,1,2
373,training,1,1,1,1,0,2
374,training,1,1,1,1,1,2
375,training,1,1,1,1,1,2
376,validation,1,1,1,1,1,2
377,training,1,1,1,1,0,2
378,training,1,1,1,1,0,2
379,training,1,1,1,1,0,2
381,training,1,1,1,1,0,2
382,training,1,1,1,1,1,2
383,training,1,1,1,1,1,2
384,training,1,1,1,1,0,2
385,training,1,1,1,1,1,2
386,training,1,1,1,1,1,2
387,training,1,1,1,1,0,2
389,training,3,3,1,1,1,2
390,training,3,3,1,1,1,2
391,training,3,3,1,1,1,2
392,training,3,3,1,1,1,2
393,training,3,3,1,1,1,2
394,training,3,3,1,1,1,2
395,training,3,3,1,1,1,2
396,training,3,3,1,1,1,2
397,training,3,3,1,1,1,2
398,training,3,3,1,1,1,2
399,training,3,3,1,1,1,2
400,training,3,3,1,1,1,2
401,training,3,3,1,1,1,2
402,training,3,3,1,1,1,2
403,training,3,3,1,1,1,2
404,training,1,1,1,1,1,2
405,training,1,1,1,1,1,2
406,training,1,1,1,1,1,2
407,training,1,1,1,1,1,2
408,training,1,1,1,1,1,2
409,training,1,1,1,1,1,2
410,training,1,1,1,1,1,2
411,training,1,1,1,1,1,2
412,training,1,1,1,1,1,2
413,training,1,1,1,1,1,2
414,training,1,1,1,1,0,2
415,training,1,1,1,1,1,2
416,training,1,1,1,1,0,2
417,training,1,1,1,1,0,2
418,validation,1,1,1,1,0,2
419,training,1,1,1,1,1,2
420,training,1,1,1,1,1,2
421,training,1,1,1,1,1,2
422,training,1,1,1,1,1,2
423,training,1,1,1,1,1,2
424,training,1,1,1,1,1,2
425,training,1,1,1,1,1,2
426,training,1,1,1,1,1,2
427,training,1,1,1,1,0,2
428,training,1,1,1,1,0,2
429,training,1,1,1,1,0,2
430,training,1,1,1,1,1,2
431,training,1,1,1,1,1,2
432,training,1,1,1,1,1,2
433,training,1,1,1,1,1,2
434,training,1,1,1,1,1,2
435,training,1,1,1,1,1,2
436,training,1,1,1,1,1,2
437,training,1,1,1,1,1,2
438,training,1,1,1,1,1,2
439,training,1,1,1,1,1,2
440,training,1,1,1,1,1,2
441,training,1,1,1,1,1,2
442,training,1,1,1,1,1,2
443,training,1,1,1,1,1,2
444,training,1,1,1,1,1,2
445,training,1,1,1,1,1,2
446,training,1,1,1,1,0,2
448,validation,1,1,1,1,0,2
449,training,1,1,1,1,1,2
450,training,1,1,1,1,1,2
451,training,1,1,1,1,1,2
452,training,1,1,1,1,1,2
453,training,1,1,1,1,1,2
454,training,1,1,1,1,1,2
455,training,1,1,1,1,1,2
456,training,1,1,1,1,1,2
457,training,1,1,1,1,1,2
458,training,1,1,1,1,1,2
459,training,1,1,1,1,1,2
460,training,1,1,1,1,0,2
461,training,1,1,1,1,0,2
462,training,1,1,1,1,1,2
463,training,1,1,1,1,1,2
464,training,1,1,1,1,1,2
465,training,1,1,1,1,1,2
466,training,1,1,1,1,0,2
467,training,1,1,1,1,0,2
468,training,1,1,1,1,0,2
469,training,1,1,1,1,0,2
471,training,1,1,1,1,1,2
472,training,1,1,1,1,1,2
473,training,1,1,1,1,0,2
474,training,1,1,1,1,0,2
475,training,1,1,1,1,0,2
476,training,1,1,1,1,0,2
477,training,1,1,1,1,1,2
478,training,1,1,1,1,0,2
479,training,1,1,1,1,0,2
480,training,1,1,1,1,1,2
481,training,1,1,1,1,1,2
482,training,1,1,1,1,1,2
483,training,1,1,1,1,0,2
484,training,1,1,1,1,1,2
486,training,1,1,1,1,1,2
488,training,3,3,1,1,1,2
490,training,3,3,1,1,1,2
491,training,1,1,1,1,0,2
492,test,1,1,1,1,1,2
493,training,1,1,1,1,1,2
494,validation,1,1,1,1,1,2
495,training,1,1,1,1,1,2
496,training,1,1,1,1,1,2
497,validation,1,1,1,0,0,2
498,training,1,1,1,1,1,2
499,training,1,1,1,1,1,2
500,training,1,1,1,1,1,2
501,training,1,1,1,1,1,2
502,training,1,1,1,1,1,2
503,test,1,1,1,1,1,2
504,training,1,1,1,1,1,2
505,training,1,1,1,1,1,2
506,training,1,1,1,1,1,2
507,training,1,1,1,1,0,2
508,training,1,1,1,1,1,2
509,training,1,1,1,1,1,2
510,training,1,1,1,1,1,2
511,training,1,1,1,1,1,2
513,training,1,1,1,1,1,2
515,training,1,1,1,1,1,2
516,training,1,1,1,1,1,2
517,training,1,1,1,1,1,2
518,training,1,1,1,1,1,2
519,training,1,1,1,1,1,2
520,training,1,1,1,1,1,2
521,training,1,1,1,1,1,2
522,training,1,1,1,1,1,2
523,training,1,1,1,1,1,2
524,training,1,1,1,1,1,2
525,training,1,1,1,1,1,2
526,training,1,1,1,1,1,2
527,training,1,1,1,1,1,2
528,training,1,1,1,1,1,2
529,training,1,1,1,1,1,2
530,training,1,1,1,1,1,2
531,training,1,1,1,1,1,2
532,training,1,1,1,1,1,2
533,training,1,1,1,1,1,2
535,training,1,1,1,1,1,2
536,training,1,1,0,0,0,0
537,training,1,1,1,1,1,2
538,training,1,1,1,1,1,2
539,training,1,1,1,1,1,2
540,training,1,1,1,1,1,2
541,training,1,1,1,1,1,2
543,training,1,1,1,1,0,2
544,training,1,1,1,1,1,2
545,training,1,1,1,1,1,2
546,training,1,1,1,1,1,2
547,training,1,1,1,1,0,2
548,training,1,1,1,1,1,2
549,training,1,1,1,1,1,2
550,training,1,1,1,1,1,2
551,validation,1,1,1,1,0,2
552,training,1,1,1,1,1,2
553,training,1,1,1,1,1,2
554,training,1,1,1,1,1,2
555,training,1,1,1,1,1,2
556,training,1,1,1,1,0,2
557,training,1,1,1,1,1,2
558,training,1,1,1,1,0,2
559,training,1,1,1,1,0,2
560,training,1,1,1,1,0,2
561,training,1,1,1,1,0,2
562,training,1,1,1,1,1,2
563,training,1,1,1,1,1,2
564,training,1,1,1,1,1,2
565,training,1,1,1,1,0,2
566,training,1,1,1,1,0,2
567,training,1,1,1,1,0,2
568,training,1,1,1,1,0,2
570,training,1,1,1,1,1,2
571,training,1,1,1,1,0,2
572,training,1,1,1,1,0,2
573,training,1,1,1,1,0,2
574,training,1,1,1,1,1,2
575,training,1,1,1,1,0,2
576,validation,1,1,1,1,0,2
577,training,1,1,1,1,1,2
578,training,1,1,1,1,1,2
579,training,1,1,1,0,0,2
580,training,1,1,1,1,1,2
582,training,1,1,1,1,0,2
583,training,1,1,1,1,0,2
584,training,1,1,1,1,1,2
585,training,1,1,1,0,0,2
586,training,1,1,1,1,0,2
587,training,1,1,1,1,0,2
589,training,1,1,1,1,0,2
590,training,1,1,1,1,0,2
591,training,1,1,1,1,0,2
593,training,1,1,1,1,0,2
594,training,1,1,1,1,0,2
595,training,1,1,1,1,1,2
596,training,1,1,1,1,1,2
597,validation,1,1,1,1,0,2
599,training,1,1,1,1,0,2
600,training,1,1,1,1,0,2
601,training,1,1,1,1,0,2
602,training,1,1,1,1,0,2
603,training,1,1,1,1,0,2
604,training,1,1,1,1,0,2
605,training,1,1,1,1,1,2
606,training,1,1,1,1,1,2
607,training,1,1,1,1,1,2
608,training,1,1,0,0,0,0
610,training,1,1,1,1,1,2
611,training,1,1,1,1,1,2
612,training,3,2,1,1,1,1
613,training,3,2,0,0,0,0
614,training,3,2,1,1,0,1
615,training,3,2,1,1,0,1
616,training,3,2,0,0,0,0
617,training,3,2,0,0,0,0
618,training,3,2,1,1,1,1
619,training,3,2,1,1,1,1
620,training,3,2,0,0,0,0
621,training,3,2,0,0,0,0
622,training,3,2,0,0,0,0
623,training,3,2,0,0,0,0
624,training,3,2,0,0,0,0
625,training,3,2,0,0,0,0
626,training,3,2,0,0,0,0
627,training,3,2,0,0,0,0
628,training,3,2,0,0,0,0
629,training,3,2,0,0,0,0
630,training,3,2,1,0,0,1
631,training,3,2,1,0,0,1
632,training,1,2,0,0,0,0
633,training,1,2,1,1,0,1
634,training,1,2,1,1,0,1
635,training,1,1,1,1,0,2
636,training,1,1,1,1,0,2
637,training,1,1,1,1,0,2
638,training,1,1,1,1,0,2
639,training,1,1,1,1,0,2
640,training,1,2,1,1,0,3
641,training,1,2,1,1,0,3
642,training,1,2,1,1,0,3
643,training,1,1,0,0,0,0
644,training,1,1,1,1,0,2
645,training,1,2,1,1,0,3
646,training,1,2,1,1,0,3
648,training,1,2,1,1,0,1
649,training,1,1,0,0,0,0
651,training,1,2,1,1,1,3
652,training,1,2,1,1,1,3
654,test,1,1,0,0,0,0
655,training,1,1,0,0,0,0
656,training,1,2,0,0,0,0
657,validation,1,1,0,0,0,0
659,training,1,2,1,1,0,3
660,training,1,1,1,0,0,2
661,training,1,2,1,1,0,3
662,test,3,2,1,1,0,3
663,training,1,1,1,1,0,3
665,training,1,2,1,1,0,3
666,training,1,2,1,1,0,3
667,training,1,1,0,0,0,2
668,training,1,1,1,0,0,2
669,training,1,2,1,0,0,1
670,test,3,2,1,0,0,1
671,training,1,2,1,1,1,3
672,training,1,2,1,1,0,3
673,training,1,2,1,1,1,3
674,training,1,2,1,1,1,3
676,training,3,2,1,0,0,1
677,training,3,2,1,0,0,1
678,training,3,2,0,0,0,0
679,training,3,2,0,0,0,0
680,training,3,2,0,0,0,0
681,training,3,2,0,0,0,0
682,training,3,2,0,0,0,0
683,training,3,2,0,0,0,0
684,training,3,2,0,0,0,0
685,training,3,2,1,0,0,1
686,training,3,2,0,0,0,0
687,training,3,2,1,0,0,0
688,training,3,2,1,0,0,1
689,training,3,2,1,1,1,1
691,training,3,2,0,0,0,0
692,training,3,2,1,1,1,1
693,training,3,2,1,1,1,1
694,training,1,1,1,1,1,1
695,training,1,1,1,1,0,2
696,training,1,1,1,1,1,2
697,training,1,2,1,1,0,1
698,training,1,2,1,1,0,1
699,training,1,1,0,0,0,0
700,training,1,2,1,1,0,3
702,training,1,1,1,1,0,2
703,training,1,1,1,1,0,2
705,validation,1,2,1,1,0,2
706,training,1,1,0,0,0,0
707,training,1,2,1,1,1,2
708,training,1,2,1,1,1,3
709,training,1,2,1,1,0,1
710,training,1,1,1,1,0,2
711,training,1,1,1,1,0,2
712,training,1,1,1,1,0,2
713,training,1,1,1,1,0,2
714,training,1,1,1,1,0,2
715,training,1,1,0,0,0,0
716,validation,1,2,1,1,0,1
717,training,1,1,1,1,0,1
719,training,1,1,1,1,0,2
720,training,1,1,1,1,0,2
721,training,1,1,1,1,0,2
722,training,1,1,1,1,0,2
723,training,1,1,1,1,0,3
724,training,1,1,1,1,0,3
726,training,1,1,1,1,0,1
727,training,1,1,1,1,0,1
728,training,1,1,1,1,0,1
729,training,1,1,1,0,0,1
730,training,1,1,1,0,0,1
731,training,1,1,0,0,0,0
732,training,1,2,1,1,0,2
733,training,1,2,1,1,0,2
734,training,1,1,1,1,0,2
735,validation,1,2,1,1,0,1
736,training,1,2,1,1,0,3
737,training,1,2,1,1,0,3
738,training,1,2,1,1,0,3
739,training,1,2,1,1,0,2
740,training,1,2,1,1,0,2
741,training,1,2,1,1,0,2
742,training,1,2,1,1,0,3
743,test,1,2,1,1,0,3
744,training,1,2,1,1,0,1
745,training,1,2,1,1,0,1
746,training,1,2,1,1,0,1
747,training,1,1,0,0,0,0
748,training,1,2,1,1,0,3
749,training,1,2,1,1,1,3
750,training,1,1,1,1,0,2
752,training,1,1,1,1,0,2
753,training,1,1,1,1,0,2
754,training,1,1,1,1,0,2
758,training,1,1,1,1,0,2
760,training,1,2,1,1,1,3
761,training,1,2,1,1,1,3
762,training,1,2,1,1,0,3
763,training,1,2,1,1,0,3
764,training,1,2,1,1,0,3
765,training,1,2,1,1,0,3
766,training,1,2,1,1,0,3
767,training,3,2,1,0,0,1
768,training,3,2,0,0,0,0
769,training,3,2,0,0,0,0
771,training,3,2,0,0,0,0
772,training,1,2,1,1,0,3
774,training,1,1,1,1,1,2
775,training,1,1,1,1,1,2
777,validation,1,1,1,1,1,2
778,training,1,1,1,1,1,2
780,training,1,1,1,1,0,2
781,training,1,1,1,1,0,2
784,test,1,1,1,1,1,2
785,training,1,1,1,1,1,2
786,training,1,1,1,1,1,2
787,training,1,1,1,1,1,2
789,training,1,1,1,1,1,2
790,training,1,1,1,1,1,2
793,training,1,1,1,1,1,2
794,training,1,1,1,1,1,2
797,training,1,1,1,1,1,2
798,training,1,1,1,1,1,2
799,training,1,1,1,1,1,2
800,training,1,1,1,1,0,2
801,training,1,1,1,1,1,2
802,training,1,1,1,1,1,2
803,training,1,1,1,1,1,2
804,training,1,1,1,1,1,2
805,training,1,1,1,1,1,2
806,training,1,2,1,0,0,1
807,training,1,2,1,0,0,1
810,training,1,1,1,1,1,2
811,training,1,1,1,1,1,2
812,training,1,1,1,1,1,2
813,training,1,1,1,1,1,2
814,test,1,1,1,1,1,2
815,training,1,1,1,1,1,2
816,training,1,1,1,1,1,2
817,training,1,1,1,1,1,2
818,training,1,1,1,1,1,2
819,training,1,1,1,1,1,2
821,training,1,1,1,1,1,2
822,training,1,1,1,1,1,2
823,training,1,1,1,1,1,2
824,training,1,1,1,1,1,2
829,training,1,1,1,1,1,2
831,training,1,1,1,1,1,2
833,validation,1,2,1,1,1,3
834,training,1,2,1,1,1,3
835,training,1,1,1,1,1,2
836,training,1,1,1,1,1,2
837,training,1,1,1,1,1,2
838,training,1,1,1,1,1,2
839,training,1,1,1,1,1,2
840,training,1,1,1,1,1,2
841,training,1,1,1,1,1,2
842,training,1,1,1,0,0,1
843,validation,1,1,1,0,0,1
844,training,1,1,1,1,1,2
845,training,1,1,1,1,1,2
846,training,1,1,1,1,1,2
848,validation,1,1,1,1,1,2
849,training,1,1,1,1,1,2
850,training,1,1,1,1,1,2
851,training,1,1,1,1,1,2
852,training,1,2,1,1,0,2
853,training,1,2,1,1,0,2
854,training,1,2,1,1,1,3
855,training,1,2,1,1,0,3
856,training,1,2,1,1,0,3
858,training,1,2,1,1,0,3
859,training,1,2,1,1,0,3
860,training,1,2,1,1,0,3
861,training,1,2,1,1,1,2
862,training,1,1,1,1,1,2
863,training,1,1,1,1,1,2
864,training,1,2,1,1,0,3
865,training,1,2,1,1,0,2
866,training,1,2,1,1,0,2
867,training,1,1,1,1,0,2
868,training,1,1,1,1,1,2
869,training,1,1,1,1,0,2
870,training,1,2,1,1,0,2
871,training,1,1,1,1,0,2
872,training,1,2,0,0,0,0
873,training,1,1,1,1,1,2
874,training,1,1,1,1,1,2
875,training,1,1,1,1,0,2
876,training,1,1,1,1,0,2
877,training,1,1,1,1,0,2
878,test,1,1,1,1,1,2
879,training,1,1,1,1,1,2
880,training,1,2,1,1,0,3
881,training,1,2,1,1,0,3
882,training,1,2,1,1,1,3
883,training,1,2,1,1,1,3
884,training,1,2,1,1,1,3
885,training,1,2,1,1,1,2
887,training,1,2,1,1,0,2
888,training,1,2,1,1,0,2
889,training,1,2,1,1,0,2
890,training,1,2,1,1,1,2
892,training,1,2,1,1,1,2
893,training,1,2,1,1,1,2
894,training,1,2,1,1,1,2
895,training,1,2,1,1,1,2
896,training,1,2,1,1,1,2
897,training,1,2,1,1,1,2
898,training,1,2,1,1,0,2
899,training,1,2,1,1,1,3
900,training,1,2,1,1,0,3
901,training,1,2,1,1,0,2
903,training,1,2,1,1,0,2
904,training,1,2,1,1,0,2
905,training,1,1,1,1,0,2
906,training,1,1,1,1,0,2
907,training,1,2,1,1,0,2
908,training,1,1,1,1,0,2
909,training,1,1,1,1,1,2
910,training,1,1,1,1,0,2
911,training,1,2,1,1,0,3
912,training,1,2,1,1,0,3
913,training,1,2,1,1,0,2
914,training,1,2,1,1,0,3
915,training,1,2,1,1,0,3
916,training,1,2,1,1,0,3
917,validation,1,1,1,1,1,2
918,test,1,1,1,1,1,2
919,test,1,1,1,1,1,2
920,training,1,2,1,0,0,1
921,training,1,2,1,0,0,1
922,training,1,2,0,0,0,0
923,training,1,1,1,1,0,2
924,training,1,2,1,1,0,2
925,training,1,1,0,0,0,0
926,training,1,2,1,1,0,2
927,training,3,2,0,0,0,0
930,training,3,2,0,0,0,0
931,training,3,2,1,0,0,1
932,training,1,2,1,1,1,2
935,training,1,1,1,1,1,2
936,training,1,1,1,1,0,2
937,training,1,1,1,0,0,2
941,validation,1,1,1,1,0,2
942,training,1,1,1,1,0,2
943,training,1,2,1,1,1,2
944,test,3,2,1,1,1,2
946,validation,1,1,1,1,0,2
947,training,1,1,1,1,0,2
949,training,1,1,1,1,0,2
950,training,1,1,1,0,0,2
951,training,1,2,1,1,0,2
952,training,1,2,1,1,0,2
954,training,1,2,1,1,0,2
955,training,1,2,1,1,0,2
956,training,1,2,1,1,0,1
957,training,1,2,1,1,0,1
958,training,1,2,1,1,0,1
959,training,1,2,1,1,0,2
960,training,1,2,1,1,0,2
961,training,1,2,1,1,0,2
962,training,1,2,0,0,0,0
963,training,1,2,1,0,0,1
965,training,1,2,1,1,0,2
966,training,1,2,1,1,1,3
967,training,1,1,1,1,0,2
968,training,1,1,1,1,0,2
969,training,1,1,1,1,0,2
971,training,1,2,1,1,0,3
972,training,1,2,1,1,0,3
973,training,1,2,1,1,0,3
976,training,1,2,1,1,0,3
977,training,1,2,1,1,0,3
978,training,1,2,1,1,0,3
979,training,1,2,1,1,0,3
980,training,1,1,1,1,0,2
981,validation,1,1,1,1,1,2
982,training,1,1,1,1,0,2
983,training,1,1,1,1,1,2
986,training,1,1,1,1,0,2
987,training,1,2,1,1,0,3
988,training,1,2,1,1,0,3
989,training,1,2,1,1,0,1
990,training,1,2,1,1,0,3
991,training,1,2,1,1,0,3
992,training,1,2,1,1,1,3
993,training,1,2,1,0,0,2
994,training,1,2,1,0,0,2
995,training,1,1,1,0,0,2
996,training,1,1,1,0,0,2
997,training,1,1,1,0,0,2
998,training,1,1,1,0,0,2
999,training,1,2,1,0,0,1
1000,training,1,2,1,0,0,2
1001,training,1,2,1,1,0,2
1002,training,1,2,1,1,0,2
1003,training,1,2,1,1,0,2
1004,validation,1,2,1,1,0,2
1005,test,1,2,1,1,0,2
1006,test,3,2,1,1,0,2
1007,test,1,1,1,1,0,2
1008,training,3,2,0,0,0,0
1009,training,3,2,0,0,0,0
1010,training,3,2,1,0,0,1
1011,training,3,2,0,0,0,0
1012,training,3,2,0,0,0,0
1013,training,1,1,1,1,1,2
1015,training,1,1,1,1,1,2
1020,training,1,1,1,1,1,2
1021,training,1,1,1,1,1,2
1022,training,1,1,1,1,1,2
1023,training,1,1,1,1,1,2
1025,training,1,1,1,1,1,2
1027,validation,1,1,1,1,1,2
1028,test,1,1,0,0,0,0
1029,training,1,2,1,1,0,3
1030,training,1,2,1,1,0,3
1031,training,1,2,1,1,0,3
1032,training,1,1,1,1,0,2
1033,training,1,1,1,1,0,2
1034,validation,1,2,1,1,0,1
1035,training,1,2,1,1,0,1
1036,training,1,2,1,1,0,1
1037,test,1,2,1,1,0,1
1038,test,3,2,1,1,1,3
1039,training,1,2,1,1,1,3
1040,training,1,2,1,1,1,3
1041,training,1,2,1,0,0,2
1042,training,1,2,1,1,1,3
1043,training,1,2,1,1,1,3
1044,training,1,2,1,1,1,3
1045,training,1,1,1,1,0,2
1046,training,1,2,1,1,0,3
1047,training,1,2,1,1,0,3
1050,training,1,2,1,1,1,3
1051,training,1,2,1,1,1,3
1052,training,1,2,1,1,1,3
1053,training,1,1,1,1,0,2
1054,training,1,2,1,1,0,3
1055,training,1,2,1,1,0,3
1056,training,1,2,1,1,0,1
1057,training,1,2,1,1,0,3
1058,training,1,2,1,1,0,3
1059,training,1,2,1,1,0,3
1060,training,1,1,1,1,0,2
1061,training,1,1,1,1,1,2
1062,training,1,1,1,1,1,2
1063,training,1,1,1,0,0,2
1064,training,1,1,0,0,0,0
1065,training,1,2,1,1,0,1
1066,training,1,2,1,1,0,3
1067,training,1,2,1,1,1,3
1068,training,1,2,1,1,1,3
1069,training,1,1,1,1,0,2
1070,training,1,2,1,1,0,1
1071,training,1,2,1,1,0,1
1072,training,1,2,1,1,0,1
1073,training,1,2,1,1,1,2
1074,training,1,2,1,1,1,2
1075,training,1,1,1,1,1,2
1076,training,1,1,1,1,1,2
1078,training,1,2,1,1,0,3
1079,training,1,2,1,1,0,3
1081,validation,1,2,1,1,0,3
1082,training,1,2,1,1,0,3
1083,training,1,2,1,1,0,3
1084,training,1,1,1,1,0,2
1085,training,1,1,1,1,1,2
1086,training,1,1,1,1,1,2
1087,training,1,1,1,1,1,2
1088,training,1,2,1,1,0,3
1089,training,1,2,1,1,1,3
1090,training,1,1,1,1,0,2
1091,training,1,1,1,1,0,2
1092,training,1,1,1,1,0,2
1093,training,1,2,1,1,0,3
1094,training,1,1,1,1,1,2
1095,training,1,2,1,0,0,1
1096,training,1,2,1,0,0,1
1097,training,1,2,1,1,1,3
1098,training,1,2,1,1,1,2
1099,training,1,2,1,1,1,2
1100,training,3,3,0,0,0,0
1101,training,3,3,1,1,1,2
1102,training,3,3,1,1,0,2
1103,training,3,3,1,1,1,2
1104,training,3,3,1,1,1,1
1107,training,1,1,1,1,0,2
1108,training,1,1,1,1,0,2
1109,training,1,1,1,1,0,2
1111,training,1,1,1,1,0,2
1112,training,1,1,1,1,0,2
1113,test,1,1,1,1,0,2
1116,test,1,1,1,1,0,2
1117,training,1,1,1,1,0,2
1119,training,1,1,1,1,0,2
1122,training,1,1,1,1,0,2
1123,training,1,1,1,1,0,2
1125,training,1,1,1,1,0,2
1127,validation,1,1,1,1,0,2
1128,training,1,1,0,0,0,0
1130,training,1,1,1,1,0,2
1131,training,1,1,1,1,0,2
1132,validation,1,1,1,1,0,2
1133,training,1,1,1,1,0,2
1134,training,1,1,1,1,0,2
1135,training,1,1,1,1,0,2
1136,training,1,1,1,1,0,2
1139,training,1,1,1,1,0,2
1140,training,1,1,1,1,0,2
1141,training,1,1,1,1,0,2
1142,training,1,1,1,1,0,2
1143,training,1,1,1,1,0,2
1144,training,1,1,1,1,0,2
1145,training,1,1,1,1,0,2
1146,training,1,1,1,1,1,2
1147,training,1,1,1,1,1,2
1149,training,1,1,1,1,0,2
1150,training,1,1,1,1,0,2
1151,training,1,1,1,1,0,2
1152,training,1,1,1,1,0,2
1153,training,1,1,1,1,1,2
1154,training,1,1,1,1,1,2
1155,validation,1,1,1,1,0,2
1157,training,1,1,1,1,0,2
1158,training,1,1,1,1,0,2
1159,training,1,1,1,1,0,2
1160,training,1,1,1,1,0,2
1161,test,1,1,1,1,0,2
1162,training,1,1,1,1,1,2
1163,training,1,1,1,1,1,2
1164,training,1,1,1,1,1,2
1165,test,1,1,1,1,1,2
1169,test,1,1,1,1,0,2
1170,training,1,1,1,1,1,2
1171,training,1,1,1,1,1,2
1172,training,1,1,1,1,1,2
1173,training,1,1,1,1,0,2
1175,training,1,1,1,1,1,2
1176,training,1,1,1,1,1,2
1177,training,1,1,1,1,1,2
1178,training,1,1,1,1,1,2
1179,validation,1,1,1,1,1,2
1180,training,1,1,1,1,0,2
1181,training,1,1,1,1,0,2
1182,training,1,1,1,1,0,2
1185,training,1,1,1,1,1,2
1186,validation,1,1,1,1,1,2
1187,training,1,1,1,1,0,2
1188,validation,1,1,1,1,0,2
1189,training,1,1,1,1,0,2
1190,training,1,3,1,1,0,2
1191,training,1,1,1,1,1,2
1192,training,1,1,1,1,1,2
1193,validation,1,1,1,1,0,2
1194,test,1,1,1,1,0,2
1195,validation,1,1,1,1,0,2
1196,training,1,1,1,1,0,2
1197,training,1,1,1,1,0,2
1198,training,1,1,0,0,0,0
1199,training,1,1,1,1,0,2
1202,test,1,1,1,1,0,2
1203,training,1,1,1,1,0,2
1206,test,1,1,1,1,0,2
1207,test,1,1,1,1,0,2
1208,training,1,2,1,1,0,3
1209,training,1,2,1,1,0,2
1211,training,1,1,0,0,0,0
1213,training,1,1,1,1,1,2
1214,training,1,1,1,1,1,2
1215,training,1,1,0,0,0,2
1216,training,1,1,0,0,0,2
1217,training,1,1,1,1,0,2
1218,training,1,1,1,1,0,2
1219,training,1,1,1,1,0,2
1220,training,1,1,1,1,0,2
1221,training,1,1,1,1,0,2
1222,training,1,1,1,1,0,2
1223,training,1,1,1,1,0,2
1224,training,1,1,1,1,0,2
1225,training,1,1,1,1,0,2
1228,training,1,1,1,1,1,2
1229,training,1,1,1,1,1,2
1230,training,1,1,1,1,1,2
1231,test,1,1,1,1,0,2
1232,training,1,1,1,1,0,2
1233,training,1,3,0,0,0,0
1234,training,1,3,1,1,1,2
1235,training,1,1,1,1,0,2
1236,training,1,1,1,1,0,2
1237,training,1,1,1,1,0,2
1239,validation,1,1,1,1,0,2
1240,validation,1,1,1,1,0,2
1241,test,1,1,1,1,0,2
1242,validation,1,1,1,1,0,2
1243,training,1,1,1,1,0,2
1244,training,1,1,1,1,0,2
1245,training,1,1,1,1,0,2
1246,training,1,1,1,1,0,2
1247,training,1,1,1,1,0,2
1248,validation,1,1,1,1,0,2
1249,validation,1,1,1,1,0,2
1250,training,1,1,1,1,1,2
1251,training,1,1,1,1,1,2
1252,training,1,1,1,1,0,2
1254,test,1,1,1,1,0,2
1255,validation,1,1,1,1,0,2
1256,test,1,1,1,1,0,2
1257,validation,1,1,1,1,0,2
1259,training,1,1,1,1,0,2
1261,training,1,1,1,1,1,2
1264,test,1,1,1,1,1,2
1266,training,1,3,1,1,1,2
1267,training,1,3,1,1,1,2
1268,training,1,3,1,1,1,2
1269,test,1,1,1,1,0,2
1270,test,1,1,1,1,0,2
1273,validation,1,1,1,1,1,2
1274,training,1,1,1,1,1,2
1275,training,1,1,1,1,1,2
1276,test,1,1,1,1,1,2
1277,test,1,1,0,0,0,0
1278,training,1,1,1,1,1,2
1279,training,1,1,1,1,0,2
1280,training,1,1,1,1,0,2
1282,training,1,1,1,1,0,2
1283,training,1,1,1,1,0,2
1284,training,1,1,1,1,0,2
1285,training,1,1,1,1,0,2
1287,training,1,1,1,1,0,2
1289,training,1,1,1,1,1,2
1291,training,1,1,1,1,0,2
1293,training,1,1,1,1,1,2
1294,training,1,1,1,1,0,2
1295,training,1,1,1,1,0,2
1296,training,1,1,1,1,0,2
1297,training,1,1,1,1,0,2
1298,training,3,3,1,1,1,2
1299,training,3,3,1,1,1,2
1300,training,3,3,1,1,1,2
1301,training,3,3,1,1,1,2
1303,training,3,3,1,1,1,2
1304,training,1,1,1,1,1,2
1305,training,1,1,1,1,1,2
1306,training,1,1,1,1,0,2
1308,training,1,1,1,1,1,2
1309,training,1,1,1,1,0,2
1310,training,1,1,1,1,0,2
1312,validation,1,1,1,1,1,2
1313,training,1,1,1,1,0,2
1316,training,1,1,1,1,1,2
1318,training,1,1,1,1,0,2
1319,training,1,1,1,1,0,2
1320,training,1,1,1,1,0,2
1323,validation,1,1,1,1,0,2
1324,training,1,1,1,1,0,2
1325,test,1,1,1,1,1,2
1328,test,1,1,1,1,1,2
1329,validation,1,1,1,1,0,2
1330,validation,1,1,1,1,0,2
1331,training,1,1,1,1,1,2
1332,training,1,1,1,1,1,2
1333,training,1,1,1,1,1,2
1334,validation,1,1,1,1,0,2
1335,training,1,1,1,1,0,2
1337,training,1,1,1,1,0,2
1338,test,1,1,1,1,1,2
1340,test,1,1,1,1,1,2
1341,validation,1,1,1,1,1,2
1342,training,1,1,1,1,1,2
1344,validation,1,1,1,1,1,2
1345,training,1,1,1,1,1,2
1346,training,1,1,1,1,1,2
1347,training,1,1,1,1,1,2
1348,validation,1,1,1,1,1,2
1349,training,1,1,1,1,1,2
1355,training,1,1,1,1,0,2
1356,training,1,1,1,1,0,2
1357,training,1,1,1,1,1,2
1358,training,1,1,1,1,1,2
1359,training,1,1,1,1,0,2
1360,training,1,1,1,1,0,2
1362,validation,1,1,0,0,0,0
1363,training,1,1,1,1,0,2
1364,test,1,1,1,1,0,2
1365,training,1,1,1,1,0,2
1366,training,1,1,0,0,0,0
1367,training,1,1,0,0,0,0
1368,test,1,1,1,1,0,2
1369,training,1,1,1,1,1,2
1370,training,1,1,1,1,1,2
1372,training,1,1,1,1,1,2
1373,training,1,1,1,1,0,2
1374,validation,1,1,1,1,1,2
1375,validation,1,1,1,1,1,2
1378,training,1,1,1,1,1,2
1379,training,1,1,1,1,1,2
1380,training,1,1,1,0,0,2
1381,training,1,1,1,0,0,2
1383,test,1,1,1,1,1,2
1386,training,1,1,1,1,0,2
1387,training,1,1,1,1,0,2
1388,training,1,1,1,1,1,2
1389,validation,1,1,1,1,1,2
1392,training,1,1,1,1,1,2
1393,training,1,1,1,1,1,2
1394,training,1,1,1,1,0,2
1395,training,1,1,1,1,0,2
1396,training,1,1,1,1,1,2
1397,training,1,1,1,1,1,2
1398,validation,1,1,1,1,1,2
1399,training,1,1,1,1,1,2
1401,training,1,1,1,1,1,2
1403,training,1,1,1,1,1,2
1404,training,1,1,1,1,1,2
1405,training,3,3,1,1,1,2
1406,training,3,3,1,1,1,2
1408,training,3,3,1,1,1,2
1409,training,3,3,1,1,1,2
1410,training,3,3,1,1,1,2
1411,training,3,3,1,1,1,2
1412,training,1,1,1,1,1,2
1413,training,1,1,1,1,1,2
1414,training,1,1,1,1,1,2
1415,training,1,1,1,1,1,2
1416,training,1,1,1,1,1,2
1417,training,1,1,1,1,1,2
1418,test,1,1,1,1,1,2
1419,training,1,1,1,1,0,2
1420,training,1,1,1,1,1,2
1421,training,1,1,1,1,1,2
1422,training,1,1,1,1,1,2
1423,training,1,1,1,1,1,2
1424,training,1,1,1,1,1,2
1426,training,1,1,1,1,1,2
1427,training,1,1,1,1,1,2
1428,test,1,1,1,1,1,2
1429,test,1,1,1,1,1,2
1430,validation,1,1,1,1,1,2
1431,test,1,1,1,1,1,2
1432,training,1,1,1,1,1,2
1433,training,1,1,1,1,1,2
1434,training,1,1,1,1,1,2
1435,training,1,1,1,1,1,2
1436,training,1,1,1,1,1,2
1437,training,1,1,1,1,1,2
1438,training,1,1,1,1,0,2
1440,training,1,1,1,1,1,2
1441,training,1,1,1,1,1,2
1442,training,1,1,1,1,1,2
1443,training,1,1,1,1,1,2
1444,training,1,1,1,1,1,2
1445,training,1,1,1,1,1,2
1446,training,1,1,1,1,1,2
1447,training,1,1,1,1,1,2
1448,validation,1,1,1,1,1,2
1449,test,1,1,1,1,1,2
1450,validation,1,1,1,1,1,2
1451,test,1,1,1,1,1,2
1453,training,1,1,1,1,1,2
1454,training,1,1,1,1,1,2
1455,training,1,1,1,1,1,2
1456,training,1,1,1,1,1,2
1457,training,1,1,1,1,1,2
1458,training,1,1,1,1,1,2
1459,training,1,1,1,1,1,2
1460,training,1,1,1,1,1,2
1461,training,1,1,1,1,1,2
1462,training,1,1,1,1,1,2
1463,training,1,1,1,1,1,2
1464,training,1,1,1,1,1,2
1465,training,1,1,1,1,1,2
1466,training,1,1,1,1,1,2
1467,training,1,1,1,1,1,2
1471,training,1,1,1,1,0,2
1472,training,1,1,1,1,0,2
1473,training,1,1,1,1,0,2
1474,training,1,1,1,1,1,2
1475,training,1,1,1,1,1,2
1476,training,1,1,1,1,1,2
1477,training,1,1,1,1,0,2
1478,training,1,1,1,1,1,2
1479,training,1,1,1,1,1,2
1480,training,1,1,1,1,0,2
1481,training,1,1,1,1,0,2
1482,training,1,1,1,1,0,2
1483,training,1,1,1,1,0,2
1484,training,1,1,1,1,1,2
1485,validation,1,1,1,1,1,2
1486,validation,1,1,1,1,0,2
1487,training,1,1,1,1,1,2
1488,training,1,1,1,1,1,2
1489,training,1,1,1,1,1,2
1490,training,1,1,1,1,1,2
1491,training,1,1,1,1,1,2
1492,training,1,1,1,1,1,2
1493,training,1,1,1,1,1,2
1494,training,1,1,1,1,1,2
1496,training,1,1,1,1,0,2
1497,training,1,1,1,1,0,2
1498,training,1,1,1,1,0,2
1499,training,1,1,1,1,0,2
1500,training,1,1,1,1,1,2
1501,training,1,1,1,1,1,2
1502,training,1,1,1,1,1,2
1503,training,1,1,1,1,1,2
1504,training,1,1,1,1,1,2
1505,training,1,1,1,1,1,2
1506,training,1,1,1,1,0,2
1507,training,1,1,1,1,0,2
1508,training,1,1,1,1,0,2
1509,test,1,1,1,1,1,2
1510,training,1,1,1,0,0,2
1511,training,1,1,1,0,0,2
1512,training,1,1,1,1,1,2
1513,training,1,1,1,1,0,2
1514,training,1,1,1,1,0,2
1515,training,1,1,1,1,0,2
1516,test,1,1,1,1,0,2
1517,training,1,1,1,1,0,2
1518,training,1,1,1,1,0,2
1519,training,1,1,1,1,0,2
1521,training,1,1,1,1,0,2
1522,training,1,1,1,1,0,2
1523,training,1,1,1,1,0,2
1524,training,1,1,1,1,0,2
1525,training,1,1,1,1,0,2
1526,training,1,1,1,1,0,2
1527,training,1,1,1,1,0,2
1528,training,1,1,1,1,0,2
1529,test,1,1,1,1,0,2
1530,training,1,1,1,1,0,2
1531,training,1,1,1,1,0,2
1532,training,1,1,1,0,0,2
1533,training,1,1,1,1,0,2
1534,training,1,1,1,1,0,2
1536,training,1,1,1,1,0,2
1537,test,1,1,1,1,0,2
1538,training,1,1,1,1,0,2
1539,training,1,1,1,1,0,2
1540,training,1,1,1,1,1,2
1541,training,1,1,1,1,1,2
1542,training,1,1,1,1,1,2
1543,training,1,1,1,1,1,2
1545,training,1,1,1,1,0,2
1546,training,1,1,1,1,0,2
1547,training,1,1,1,1,0,2
1548,training,1,1,1,1,1,2
1549,training,1,1,1,1,1,2
1550,training,1,1,1,1,1,2
1551,training,1,1,1,1,1,2
1552,training,1,1,1,1,0,2
1553,training,1,1,1,1,1,2
1555,training,1,1,1,1,1,2
1557,training,1,1,1,1,1,2
1559,training,1,1,1,1,1,2
1560,training,1,1,1,1,1,2
1562,training,1,3,1,1,1,2
1563,training,1,3,1,1,1,2
1564,training,1,3,1,1,1,2
1565,training,1,1,1,1,1,2
1566,training,1,1,1,1,1,2
1568,training,1,1,1,1,1,2
1569,training,1,1,1,1,1,2
1571,training,1,1,1,1,1,2
1572,training,1,1,1,1,0,2
1573,training,1,1,1,1,0,2
1574,training,1,1,1,1,0,2
1575,training,1,1,1,1,0,2
1576,training,1,1,1,1,1,2
1577,training,1,1,1,1,1,2
1578,training,1,1,1,1,1,2
1579,training,1,1,1,1,1,2
1580,training,1,1,1,1,1,2
1581,training,3,3,1,1,1,2
1582,training,3,3,1,1,1,2
1583,training,3,3,1,1,1,2
1584,test,3,3,1,1,1,2
1585,training,3,3,1,1,1,2
1586,test,3,3,1,1,1,2
1587,training,3,3,1,1,1,2
1588,training,3,3,1,1,1,2
1589,training,3,3,1,1,1,2
1590,training,3,3,1,1,1,2
1591,training,3,3,1,1,1,2
1592,training,3,3,1,1,1,2
1593,training,3,3,1,1,1,2
1594,training,3,3,1,1,1,2
1595,training,3,3,1,1,1,2
1597,training,3,3,1,1,1,2
1599,training,3,3,1,1,1,2
1600,training,3,3,1,1,1,2
1601,training,3,3,1,1,1,2
1602,training,3,3,1,1,1,2
1603,training,1,1,1,1,0,2
1604,training,1,1,1,1,1,2
1605,training,1,1,1,1,1,2
1607,training,1,1,1,1,1,2
1609,training,1,1,1,1,1,2
1612,training,1,1,1,1,0,2
1613,validation,1,1,1,1,1,2
1614,training,1,1,1,1,0,2
1615,training,1,1,0,0,0,0
1616,training,1,1,0,0,0,0
1617,training,1,1,1,1,0,2
1618,test,1,1,0,1,0,2
1619,training,1,1,0,0,0,0
1620,training,1,1,0,0,0,0
1621,training,1,1,0,0,0,0
1622,test,1,1,1,1,0,2
1623,training,1,1,0,0,0,0
1624,training,1,1,1,1,0,2
1625,training,1,1,1,1,0,2
1626,training,1,1,0,0,0,0
1627,training,1,1,1,1,1,2
1628,validation,1,1,1,1,0,2
1629,training,1,1,1,1,1,2
1630,training,1,1,0,0,0,0
1633,training,1,1,0,0,0,0
1634,training,1,1,0,0,0,0
1635,training,1,1,0,0,0,0
1636,training,1,1,0,0,0,0
1637,training,1,1,1,1,0,2
1642,training,3,3,1,1,1,2
1645,training,3,3,0,0,0,0
1646,training,3,3,1,1,1,2
1647,training,3,3,1,1,1,2
1648,training,3,3,1,1,1,2
1649,training,3,3,0,1,1,2
1650,training,3,3,1,1,1,2
1651,training,3,3,1,1,1,2
1652,training,3,3,1,1,1,2
1654,training,3,3,0,0,0,0
1655,training,3,3,0,0,0,0
1656,training,3,3,0,0,0,0
1657,training,3,3,0,0,0,0
1660,training,3,3,1,1,1,2
1668,training,3,3,1,1,0,2
1672,training,3,3,0,0,0,0
1674,training,3,3,1,1,0,2
1675,test,3,3,1,1,0,2
1680,training,3,3,1,1,1,2
1681,training,3,3,1,1,1,2
1682,training,3,3,1,1,1,2
1683,training,3,3,1,1,0,2
1686,training,3,3,1,1,1,2
1687,training,3,3,1,1,1,2
1688,test,3,3,1,1,1,2
1691,training,3,3,1,1,1,2
1692,training,3,3,1,1,1,2
1693,training,3,3,1,1,1,2
1694,test,3,3,1,1,0,2
1695,test,3,3,1,1,1,2
1696,training,3,3,1,1,1,2
1698,training,3,3,1,1,0,2
1699,training,3,3,1,1,0,2
1700,training,3,3,1,1,1,2
1701,training,3,3,1,1,1,2
1704,training,3,3,1,1,0,2
1705,training,3,3,1,1,0,2
1706,training,3,3,1,1,0,2
1708,training,3,3,1,1,1,2
1710,training,3,3,1,1,1,2
1717,training,3,3,1,1,0,2
1718,training,3,3,1,1,0,2
1720,training,3,3,1,1,0,2
1721,training,3,3,1,0,0,2
1722,training,3,3,1,0,0,2
1724,training,3,3,1,0,0,2
1730,validation,3,3,0,0,1,2
1734,training,3,3,1,1,1,2
1735,validation,3,3,1,1,1,2
1736,training,3,3,1,1,1,2
1737,training,3,3,0,0,0,0
1738,training,3,3,1,1,1,2
1739,training,3,3,0,0,0,0
1740,training,3,3,1,1,1,2
1741,training,3,3,1,1,1,2
1742,training,3,3,1,1,1,2
1743,training,3,3,1,1,0,0
1745,training,3,3,1,1,1,2
1746,training,3,3,1,1,1,2
1747,training,3,3,0,1,0,2
1748,training,3,3,1,1,1,2
1750,test,3,3,1,0,0,0
1751,training,3,3,1,1,1,2
1752,training,3,3,1,1,1,2
1753,training,3,3,0,0,0,0
1754,training,3,3,0,0,0,0
1755,test,3,3,0,0,0,0
1756,training,3,3,0,0,0,0
1758,training,3,3,1,1,1,2
1760,training,3,3,0,0,0,0
1761,training,3,3,1,1,1,2
1762,training,3,3,1,1,1,2
1763,training,3,3,1,1,1,2
1764,training,3,3,1,1,0,2
1767,training,3,3,1,1,1,2
1770,training,3,3,1,1,1,2
1771,training,3,3,1,1,1,2
1774,training,3,3,1,1,1,2
1776,training,3,3,1,0,0,2
1777,training,3,3,1,1,1,2
1778,training,3,3,1,1,1,2
1781,training,3,3,1,1,1,2
1782,training,3,3,1,1,1,2
1783,training,3,3,0,0,0,0
1784,training,3,3,0,0,0,0
1785,training,3,3,0,0,0,0
1786,training,3,3,0,0,1,2
1787,training,3,3,0,0,0,0
1789,training,3,3,0,0,1,2
1790,training,3,3,1,1,1,2
1791,training,3,3,1,1,1,2
1792,training,3,3,0,0,1,2
1793,training,3,3,0,0,0,0
1795,training,3,3,0,0,1,2
1796,validation,3,3,1,1,1,2
1798,training,3,3,1,1,1,2
1801,validation,3,3,1,1,1,2
1802,training,3,3,1,1,1,2
1803,training,3,3,1,1,1,2
1804,test,3,3,1,1,1,2
1805,training,3,3,0,0,1,2
1806,training,3,3,1,1,1,2
1807,training,3,3,1,1,1,2
1808,validation,3,3,1,1,1,2
1809,training,3,3,1,1,1,2
1810,training,3,3,0,0,0,0
1811,training,3,3,1,1,1,2
1812,training,3,3,1,1,1,2
1813,training,3,3,1,1,1,2
1814,training,3,3,1,1,1,2
1816,training,3,3,1,1,1,2
1817,training,3,3,1,1,1,2
1818,training,3,3,1,1,1,2
1819,training,3,3,0,0,1,2
1820,training,3,3,1,1,1,2
1821,training,3,3,0,0,1,2
1822,training,3,3,1,1,1,2
1823,training,3,3,1,1,1,2
1824,training,3,3,0,1,1,2
1825,training,3,3,1,1,1,2
1826,training,3,3,0,0,0,2
1827,training,3,3,1,1,1,2
1828,training,3,3,1,1,1,2
1829,training,3,3,1,1,0,2
1831,training,3,3,1,1,0,2
1832,training,3,3,0,0,0,0
1833,training,3,3,0,0,0,0
1834,training,3,3,0,0,0,0
1835,training,3,3,1,1,1,2
1836,validation,3,3,1,1,1,2
1837,training,3,3,0,0,0,0
1838,training,3,3,1,0,0,2
1839,training,3,3,1,1,1,2
1841,training,3,3,0,0,1,2
1842,training,3,3,1,1,1,2
1844,training,3,3,0,0,1,2
1845,training,3,3,1,1,0,2
1846,training,3,3,1,1,0,2
1847,training,3,3,1,1,1,2
1849,training,3,3,1,1,1,2
1851,training,3,3,0,0,0,0
1852,training,3,3,0,0,0,0
1854,training,3,3,0,0,0,0
1855,training,3,3,0,0,0,0
1856,training,3,3,0,0,1,2
1857,training,3,3,1,1,1,2
1859,training,3,3,1,1,1,2
1860,training,3,3,1,1,1,2
1861,training,3,3,0,0,0,0
1863,training,3,3,1,1,1,2
1871,training,3,3,1,1,1,2
1872,training,3,3,1,1,1,2
1874,training,3,3,1,1,0,2
1876,training,3,3,1,1,1,2
1878,training,3,3,0,0,0,2
1879,training,3,3,1,1,1,2
1880,training,3,3,1,1,1,2
1885,training,3,3,1,1,1,2
1886,training,3,3,1,1,1,2
1887,training,3,3,1,1,1,2
1888,training,3,3,1,1,1,2
1890,training,3,3,1,1,1,2
1891,training,3,3,1,1,1,2
1893,training,3,3,1,1,1,2
1894,training,3,3,1,1,1,2
1895,training,3,3,1,1,1,2
1897,training,3,3,1,1,1,2
1898,training,3,3,1,1,1,2
1899,training,3,3,1,1,1,2
1900,training,3,3,1,1,1,2
1901,training,3,3,1,1,1,2
1902,training,3,3,1,1,1,2
1903,training,3,3,1,1,1,2
1904,training,3,3,1,1,1,2
1905,training,3,3,1,1,1,2
1906,training,3,3,1,1,1,2
1907,training,3,3,1,1,1,2
1908,training,3,3,1,1,1,2
1909,training,3,3,1,1,1,2
1910,training,3,3,1,1,1,2
1911,test,3,3,1,1,1,2
1912,training,3,3,1,1,1,2
1913,training,3,3,1,1,1,2
1914,training,3,3,1,1,1,2
1915,training,3,3,0,1,1,2
1916,training,3,3,1,1,1,2
1917,training,3,3,1,1,0,2
1918,training,3,3,1,1,1,2
1919,training,3,3,1,1,1,2
1920,training,3,3,0,0,0,0
1921,training,3,3,1,1,1,2
1922,training,3,3,1,1,1,2
1923,training,3,3,1,1,1,2
1924,training,3,3,1,1,1,2
1925,training,3,3,1,1,1,2
1926,training,3,3,1,1,1,2
1927,training,3,3,0,0,1,2
1928,training,3,3,1,1,1,2
1929,training,3,3,1,1,1,2
1930,training,3,3,1,1,1,2
1931,training,3,3,1,1,1,2
1932,training,3,3,1,1,1,2
1933,test,3,3,1,1,1,2
1935,training,3,3,1,1,1,2
1937,training,3,3,1,1,1,2
1938,training,3,3,1,1,1,2
1939,training,3,3,1,1,1,2
1940,test,3,3,0,0,0,0
1945,training,1,1,1,1,1,2
1952,training,1,1,1,1,1,2
1953,training,1,1,1,1,1,2
1957,training,1,1,1,1,1,2
1982,test,1,1,1,1,1,2
1983,training,1,1,0,0,0,0
1998,training,3,3,1,1,1,2
1999,training,3,3,1,1,1,2
2000,training,3,3,1,1,1,2
2001,training,3,3,1,1,1,2
2002,training,3,3,1,1,1,2
2003,training,3,3,1,1,1,2
2004,training,3,3,1,1,1,2
2009,training,3,3,1,1,1,2
2010,training,3,3,1,1,1,2
2016,training,3,3,1,1,1,2
2017,training,3,3,1,1,1,2
2023,training,3,3,1,1,1,2
2025,training,3,3,1,1,1,2
2029,training,3,3,1,1,1,2
2030,training,3,3,1,1,1,2
2031,training,3,3,1,1,1,2
2032,training,3,3,1,1,1,2
2033,training,3,3,1,1,1,2
2034,training,3,3,1,1,1,2
2038,training,3,3,1,1,0,2
2039,training,3,3,1,1,1,2
2040,training,3,3,1,1,1,2
2042,training,1,2,1,1,0,2
2043,training,1,2,1,1,0,2
2044,training,1,2,1,1,0,2
2045,training,1,2,1,1,1,3
2046,training,1,1,1,1,1,2
2047,training,1,1,1,1,1,2
2049,training,1,1,1,1,1,2
2050,training,1,1,0,0,0,0
2051,training,1,1,1,1,0,2
2052,training,1,1,1,1,0,2
2053,training,1,1,1,1,1,2
2054,training,1,1,1,1,1,2
2055,training,1,2,1,0,0,1
2056,training,1,2,1,0,0,3
2057,training,1,2,1,1,0,2
2059,training,1,1,0,0,0,0
2060,training,1,1,1,1,0,2
2061,training,1,1,1,1,1,2
2062,training,1,1,1,1,0,2
2063,training,1,1,1,0,0,2
2064,test,1,1,1,1,0,2
2065,validation,1,2,1,1,0,2
2066,training,1,2,1,1,1,3
2067,training,1,1,0,0,0,0
2068,training,1,1,0,0,0,0
2069,training,1,1,1,1,0,2
2070,training,1,1,1,1,1,2
2071,training,1,1,1,1,1,2
2072,training,1,1,1,1,1,2
2073,training,1,1,1,1,1,2
2074,training,1,1,1,1,1,2
2075,training,1,1,1,1,1,2
2076,training,1,1,1,1,1,2
2077,training,1,1,1,1,0,2
2078,training,1,1,1,1,1,2
2080,training,1,1,1,1,0,2
2081,training,1,1,0,0,0,0
2082,training,1,1,0,0,0,0
2084,training,1,1,1,1,0,2
2085,training,1,1,1,1,0,2
2086,test,1,1,1,1,0,2
2087,training,1,1,1,1,0,2
2088,training,1,1,1,1,0,2
2089,training,1,1,1,1,0,2
2090,training,1,1,1,1,0,2
2092,training,1,1,1,1,0,2
2093,training,1,1,1,1,0,2
2094,training,1,1,1,1,0,2
2095,training,1,1,0,0,0,0
2096,training,1,1,0,0,0,0
2097,training,1,1,0,0,0,0
2098,training,1,1,0,0,0,0
2099,training,1,1,1,1,1,2
2100,training,1,1,1,1,1,2
2101,training,1,1,1,1,1,2
2102,training,1,1,1,1,0,2
2103,training,1,1,1,1,0,2
2104,training,1,1,1,1,0,2
2105,training,1,1,1,1,0,2
2106,training,1,1,1,1,0,2
2107,training,1,1,1,1,0,2
2109,training,1,1,0,0,0,0
2112,training,1,1,1,1,0,2
2113,training,1,1,1,1,1,2
2115,training,1,1,1,1,1,2
2116,training,1,1,0,0,0,0
2117,training,1,2,1,1,0,2
2118,training,1,2,0,0,0,0
2119,training,1,2,0,0,0,0
2120,training,1,1,0,0,0,0
2121,training,1,1,0,0,0,0
2122,training,1,1,1,0,0,2
2123,training,1,1,1,1,0,2
2124,training,1,1,1,1,0,2
2125,training,1,1,1,0,0,2
2126,training,1,1,0,0,0,0
2127,training,1,1,0,0,0,0
2128,training,1,2,1,1,1,2
2129,training,1,2,1,1,1,2
2131,training,1,1,1,1,0,2
2132,training,1,1,1,1,1,2
2133,training,1,1,1,1,1,2
2135,training,1,1,1,1,0,2
2136,training,1,1,1,1,1,2
2137,training,1,1,1,1,1,2
2139,training,1,2,1,1,1,2
2140,training,3,2,1,1,1,2
2141,training,1,1,1,1,1,2
2143,training,1,1,1,1,1,2
2144,training,1,1,1,1,1,2
2145,training,1,1,1,1,1,2
2146,training,1,1,0,0,0,0
2147,training,1,1,0,0,0,0
2148,training,1,1,1,0,0,2
2149,training,1,1,1,1,1,2
2151,training,1,1,1,1,1,2
2152,training,1,1,1,1,1,2
2153,training,1,1,0,0,0,0
2155,training,1,1,0,0,0,0
2156,training,1,1,0,0,0,0
2158,training,1,1,1,1,1,2
2159,training,1,1,1,1,1,2
2160,training,1,1,1,1,1,2
2161,training,1,1,1,1,1,2
2162,training,1,1,1,1,1,2
2164,training,1,2,0,0,0,0
2165,training,1,2,0,0,0,0
2166,training,1,2,0,0,0,0
2167,training,1,2,0,0,0,0
2168,training,1,1,0,0,0,0
2170,training,1,1,1,1,1,2
2171,training,1,1,1,1,1,2
2172,training,1,1,0,0,0,0
2174,training,1,1,1,1,1,2
2175,training,1,1,1,1,1,2
2178,training,1,1,1,1,0,2
2179,training,1,1,1,1,0,2
2180,training,1,1,1,1,0,2
2181,training,1,1,1,1,0,2
2182,training,1,2,0,0,0,0
2184,training,1,2,1,1,0,2
2185,training,1,2,1,1,1,3
2186,training,1,1,1,1,1,2
2189,training,1,1,1,0,0,2
2191,training,1,1,1,1,1,2
2192,training,1,1,1,1,0,2
2193,training,1,1,1,1,1,2
2195,training,1,2,1,1,0,2
2196,training,1,1,1,1,1,2
2197,training,1,1,1,1,1,2
2198,training,1,1,1,1,1,2
2199,training,1,1,1,1,0,2
2200,training,1,1,1,1,1,2
2202,training,1,1,0,0,0,0
2203,test,1,1,1,1,1,2
2204,training,1,1,1,1,1,2
2206,training,1,1,0,0,0,0
2207,training,1,1,0,0,0,0
2208,training,1,1,1,1,1,2
2209,training,1,1,1,1,1,2
2213,training,1,2,1,1,1,2
2214,training,1,1,1,1,1,2
2215,training,1,1,1,1,1,2
2216,training,1,1,1,1,1,2
2217,training,1,1,1,1,0,2
2218,training,1,1,0,0,0,0
2219,training,1,1,1,1,1,2
2220,training,1,1,1,1,1,2
2221,training,1,1,1,1,0,3
2222,training,1,2,1,1,1,2
2223,training,1,2,1,1,1,2
2224,training,1,1,1,1,1,2
2225,training,1,1,1,1,0,2
2226,training,1,1,1,1,1,2
2227,training,1,1,1,1,1,2
2228,training,1,1,1,1,0,2
2229,training,1,1,1,1,0,2
2230,training,1,1,1,1,0,2
2231,training,1,1,1,0,0,2
2232,training,1,1,1,1,0,2
2233,training,1,1,1,1,1,2
2234,training,1,1,1,1,1,2
2235,training,1,1,1,1,1,2
2236,test,1,1,1,1,1,2
2237,training,1,1,1,1,1,2
2238,training,1,1,1,1,0,2
2239,training,1,1,1,1,0,3
2240,training,1,1,1,1,1,3
2241,training,1,1,1,1,1,3
2242,validation,1,1,1,1,0,2
2243,training,1,1,1,1,0,2
2244,training,1,1,0,0,0,0
2245,training,1,1,1,1,1,3
2246,training,1,1,1,1,1,3
2247,training,1,1,1,1,0,3
2248,training,1,1,1,1,1,3
2249,training,1,1,1,1,1,2
2250,training,1,1,1,1,1,2
2251,training,1,1,1,1,1,2
2252,training,1,1,1,1,1,2
2253,training,1,1,1,1,1,2
2254,training,1,1,1,1,0,2
2255,training,1,1,1,1,0,3
2256,training,1,1,1,1,1,3
2257,training,1,1,1,1,1,2
2259,training,1,1,1,1,1,2
2260,training,1,1,1,1,1,2
2261,training,1,1,1,1,1,2
2262,training,1,1,1,1,0,2
2263,training,1,1,1,1,0,2
2264,training,1,1,1,1,0,2
2265,training,1,1,1,1,1,2
2266,training,1,1,1,1,1,2
2267,validation,1,1,1,1,1,2
2269,training,1,1,0,0,0,0
2270,training,1,1,1,1,1,2
2271,training,1,1,1,1,1,2
2272,training,1,1,1,1,1,2
2273,training,1,1,1,1,1,2
2274,training,1,1,1,1,1,2
2275,training,1,1,1,1,1,2
2276,validation,1,1,1,1,0,2
2277,training,1,2,1,1,0,2
2278,training,1,2,1,1,0,2
2279,training,1,2,1,1,0,2
2280,training,1,2,1,1,1,2
2281,training,1,1,1,1,0,2
2282,training,1,2,1,1,0,2
2283,training,1,2,1,1,0,2
2287,training,1,2,1,1,0,2
2289,training,1,1,1,1,0,2
2290,training,1,1,1,1,1,2
2292,training,1,2,1,1,0,2
2293,training,1,1,1,1,0,2
2294,training,1,2,0,0,0,0
2295,training,1,2,1,1,0,2
2296,training,1,2,1,1,0,2
2297,training,1,2,1,1,0,2
2298,training,1,1,1,1,0,2
2299,training,1,1,1,1,0,2
2300,training,1,1,1,1,0,2
2301,training,1,2,1,1,0,2
2302,training,1,2,1,1,0,3
2303,training,1,2,1,1,0,3
2304,training,1,1,1,1,0,2
2305,training,1,2,1,1,0,3
2306,training,1,2,1,1,0,2
2307,training,1,2,1,1,0,3
2309,training,1,2,1,1,0,3
2310,training,1,1,1,1,0,2
2311,training,1,2,1,1,0,3
2312,training,1,2,1,1,0,3
2313,training,1,1,1,1,0,2
2314,training,1,1,1,1,0,2
2315,training,1,1,1,1,0,2
2316,training,1,1,1,1,0,2
2317,training,1,2,1,1,0,2
2318,training,1,1,1,1,0,2
2322,training,1,1,1,1,0,2
2323,training,1,1,1,1,0,2
2324,training,1,1,1,1,0,2
2325,validation,1,1,1,1,0,2
2326,test,1,1,1,1,0,2
2327,test,1,1,1,1,1,2
2328,training,1,1,1,1,0,2
2329,training,1,1,1,1,0,2
2330,training,1,1,1,1,0,2
2331,training,1,1,1,1,0,2
2332,training,1,1,1,1,0,2
2333,training,1,1,1,1,0,2
2334,training,1,1,1,1,0,2
2336,training,1,1,1,1,1,2
2337,training,1,1,1,1,1,2
2338,training,1,1,1,1,0,2
2339,training,1,1,1,1,1,2
2340,training,1,1,1,1,1,2
2343,training,1,1,1,1,1,2
2344,validation,1,1,1,1,0,2
2345,training,1,1,1,1,0,2
2346,training,1,1,1,1,0,2
2347,training,1,1,1,1,0,2
2348,training,1,2,1,0,0,1
2349,training,1,1,0,0,1,2
2350,training,1,2,0,0,1,3
2351,training,1,2,0,0,1,3
2352,training,1,1,0,0,0,0
2353,training,1,1,0,0,0,0
2354,training,1,1,0,0,0,0
2355,training,1,1,0,0,0,0
2356,training,3,2,0,0,0,0
2357,training,3,2,0,0,0,0
2358,training,3,2,1,0,0,1
2359,training,3,2,0,0,0,0
2360,training,3,2,0,0,0,0
2361,training,3,2,0,0,0,0
2362,training,3,2,0,0,0,0
2363,training,3,2,0,0,0,0
2364,training,3,2,0,0,0,0
2365,training,3,2,1,0,0,1
2366,training,3,2,1,0,0,1
2367,training,3,2,1,0,0,1
2370,training,3,2,1,0,0,1
2371,training,3,2,0,0,0,0
2372,training,3,2,0,0,0,0
2374,training,3,2,1,0,0,1
2375,training,3,2,1,0,0,1
2376,training,3,2,0,0,0,0
2377,training,3,2,0,0,0,0
2378,training,3,2,1,0,0,1
2380,training,3,2,1,0,0,1
2381,training,3,2,0,0,0,0
2382,training,3,2,0,0,0,0
2383,training,3,2,0,0,0,0
2384,training,3,2,0,0,0,0
2385,training,3,2,1,0,0,1
2388,training,3,2,0,0,0,0
2389,training,3,2,0,0,0,0
2390,training,3,2,0,0,0,0
2391,training,3,2,0,0,0,0
2393,training,3,2,0,0,0,0
2395,training,3,2,0,0,0,0
2396,training,3,2,1,0,0,1
2397,training,3,2,0,0,0,0
2398,training,3,2,0,0,0,0
2399,training,3,2,0,0,0,0
2400,training,3,2,0,0,0,0
2401,training,3,2,1,0,0,1
2402,training,3,2,0,0,0,0
2403,training,3,2,0,0,0,0
2404,training,3,2,0,0,0,0
2406,training,3,2,0,0,0,0
2407,training,3,2,0,0,0,0
2408,training,3,2,0,0,0,0
2409,training,3,2,0,0,0,0
2412,training,3,2,1,0,0,1
2414,training,3,2,0,0,0,0
2415,training,3,2,1,0,0,1
2417,training,3,2,0,0,0,0
2418,training,3,2,1,0,0,1
2420,training,3,2,0,0,0,0
2422,training,3,2,0,0,0,0
2424,training,3,2,0,0,0,0
2425,training,3,2,0,0,0,0
2427,training,3,2,0,0,0,0
2429,training,3,2,1,0,0,1
2430,training,3,2,0,0,0,0
2431,training,3,2,0,0,0,0
2433,training,3,2,0,0,0,0
2436,training,3,2,0,0,0,0
2437,training,3,2,0,0,0,0
2438,training,3,2,0,0,0,0
2439,training,3,2,0,0,0,0
2440,training,3,2,0,0,0,0
2441,training,3,2,0,0,0,0
2443,training,3,2,0,0,0,0
2445,training,3,2,0,0,0,0
2447,training,3,2,0,0,0,0
2450,training,3,2,0,0,0,0
2451,training,3,2,0,0,0,0
2452,training,3,2,0,0,0,0
2453,training,3,2,0,0,0,0
2462,training,3,2,0,0,0,0
2463,training,3,2,0,0,0,0
2464,training,3,2,0,0,0,0
2465,training,3,2,0,0,0,0
2466,training,3,2,1,0,0,1
2467,training,3,2,1,0,0,1
2468,training,3,2,0,0,0,0
2469,training,3,2,1,0,0,1
2470,training,3,2,1,0,0,1
2471,training,3,2,1,0,0,1
2472,training,3,2,1,0,0,1
2473,training,3,2,1,0,0,1
2474,training,3,2,1,0,0,1
2475,training,3,2,1,0,0,1
2476,training,3,2,1,0,0,1
2477,training,3,2,1,0,0,1
2478,training,3,2,1,0,0,1
2479,training,3,2,1,0,0,1
2480,training,3,2,0,0,0,0
2483,training,1,1,1,1,0,2
2485,training,1,1,0,0,0,2
2488,training,1,1,1,1,0,2
2489,training,1,2,1,1,0,2
2490,training,1,2,1,1,0,2
2491,validation,1,2,0,0,0,0
2492,test,3,2,1,0,0,1
2494,training,1,1,1,1,0,2
2495,test,1,1,1,0,0,2
2496,test,1,1,1,0,0,2
2499,test,1,2,1,1,0,3
2500,test,1,2,1,1,0,3
2501,validation,1,1,0,0,0,2
2502,validation,1,1,1,1,0,2
2503,validation,1,1,1,1,0,1
2506,validation,1,2,1,0,0,3
2509,validation,1,1,0,0,0,2
2511,validation,1,1,1,1,1,2
2512,test,3,2,1,0,0,2
2513,test,1,1,1,1,0,2
2514,test,1,2,1,1,0,3
2515,training,1,2,1,1,1,3
2517,test,1,1,1,1,0,2
2520,test,1,2,1,1,1,3
2522,validation,1,1,1,1,1,2
2523,test,1,1,1,1,1,2
2524,validation,1,2,1,1,1,3
2526,test,1,1,1,0,0,1
2527,test,1,2,1,0,0,0
2528,validation,1,1,1,1,1,2
2530,validation,1,1,1,1,1,2
2531,validation,1,1,1,1,1,3
2532,test,1,1,1,1,1,2
2533,validation,1,1,1,1,0,2
2534,test,1,1,1,1,1,2
2535,validation,1,1,1,1,1,2
2536,test,1,1,1,1,1,2
2537,validation,1,1,1,1,1,2
2538,test,1,2,1,1,1,3
2539,test,1,2,1,1,1,3
2540,validation,1,1,1,1,0,3
2541,validation,1,2,1,1,0,3
2542,validation,1,2,1,1,1,3
2543,test,1,2,1,1,1,3
2544,test,1,2,1,1,1,3
2546,test,1,2,1,0,0,3
2547,validation,1,1,1,1,1,3
2548,validation,1,1,1,1,0,2
2549,validation,1,1,1,1,0,2
2550,validation,1,1,1,1,0,2
2552,test,1,1,1,0,0,2
2553,test,1,2,1,0,0,1
2554,validation,1,1,1,1,0,2
2555,validation,1,2,1,1,0,3
2557,test,1,1,1,0,0,2
2558,test,1,2,1,0,0,1
2559,validation,1,1,0,0,0,2
2560,test,1,2,1,1,0,3
2561,validation,1,1,1,1,0,2
2562,validation,1,1,1,1,0,2
2563,validation,1,2,1,1,0,3
2565,validation,1,2,1,1,0,1
2566,validation,1,2,1,1,0,3
2567,validation,1,2,1,1,0,3
2568,test,1,2,1,1,0,3
2569,test,1,1,1,1,1,2
2571,validation,1,1,1,1,0,2
2572,test,1,1,1,1,1,2
2575,validation,1,1,1,1,0,2
2576,test,1,2,1,0,0,1
2577,training,1,2,1,1,0,1
2578,validation,1,1,1,1,1,2
2579,validation,1,1,1,1,1,2
2580,validation,1,1,1,1,1,2
2581,validation,1,1,1,1,1,2
2582,validation,1,2,1,1,0,1
2583,test,1,2,1,1,1,3
2584,validation,1,2,1,1,1,3
2585,validation,1,2,1,1,1,3
2587,validation,1,1,1,1,1,2
2588,test,1,2,1,0,0,3
2589,test,1,2,1,0,0,3
2590,validation,1,2,1,1,0,1
2591,validation,1,2,1,1,0,1
2592,validation,1,2,1,0,0,1
2593,validation,1,2,1,1,0,1
2594,validation,1,2,1,1,0,3
2595,test,1,2,1,1,0,3
2596,validation,1,2,0,0,0,0
2597,validation,1,2,1,1,0,3
2599,test,1,2,1,1,1,3
2600,test,1,2,0,0,0,0
2604,test,1,1,1,1,1,2
2606,validation,1,2,1,1,1,3
2607,test,1,2,1,1,1,3
2608,validation,1,2,1,1,0,3
2609,validation,1,2,1,1,0,3
2610,validation,1,2,1,1,0,3
2611,test,1,2,1,1,0,3
2612,test,1,2,1,1,0,3
2613,test,1,2,1,1,1,3
2614,validation,1,1,1,1,0,2
2615,validation,1,2,1,1,1,3
2616,test,1,2,1,1,0,3
2617,validation,1,2,1,1,1,3
2619,validation,1,1,1,1,0,2
2620,validation,1,1,1,1,1,2
2621,test,1,2,1,1,1,3
2622,validation,1,1,1,1,0,2
2624,test,1,1,1,1,0,2
2625,validation,1,1,1,1,0,2
2626,validation,1,1,1,1,0,2
2627,validation,1,1,1,1,0,2
2628,test,1,2,1,1,0,3
2629,test,1,1,1,1,0,2
2630,validation,1,1,1,1,0,2
2632,validation,1,1,1,1,0,2
2633,test,1,1,1,1,0,2
2634,validation,1,1,1,1,1,2
2635,test,1,1,1,1,0,2
2636,test,1,1,1,1,0,2
2637,test,1,2,1,1,0,3
2638,test,1,2,1,1,0,3
2639,validation,1,2,1,1,0,3
2640,test,1,1,1,1,0,2
2641,validation,1,1,1,1,0,2
2643,test,1,2,1,1,0,2
2645,validation,1,1,1,1,0,2
2646,validation,1,2,1,1,1,3
2647,validation,1,1,1,1,1,2
2650,test,1,1,1,1,1,2
2651,validation,1,1,1,1,1,2
2652,test,1,1,1,1,1,2
2653,validation,1,1,1,1,1,2
2654,validation,1,1,1,1,1,2
2655,validation,1,1,1,1,1,2
2656,test,1,1,1,1,1,2
2657,test,1,1,1,1,1,2
2658,validation,1,1,1,1,1,2
2659,test,1,1,1,1,1,2
2660,test,1,1,1,1,1,2
2661,validation,1,2,1,1,0,3
2662,validation,1,1,1,1,0,2
2665,test,1,1,1,1,1,2
2666,test,1,1,1,1,1,2
2667,validation,1,2,1,1,0,3
2668,test,1,1,1,1,0,3
2669,test,1,2,1,1,0,3
2670,test,1,2,1,0,0,1
2671,test,1,2,1,1,0,3
2672,test,1,2,1,1,1,3
2673,test,1,1,1,0,0,2
2674,test,1,2,1,1,1,3
2675,validation,1,2,1,1,1,3
2676,test,1,1,1,1,1,2
2677,test,1,1,1,1,1,2
2681,validation,1,1,1,1,1,2
2682,validation,1,1,1,1,1,2
2683,test,1,2,1,1,1,3
2684,test,1,2,1,1,1,3
2686,test,1,2,1,1,1,3
2689,test,1,2,1,1,1,3
2690,test,1,2,1,1,1,3
2692,validation,1,2,1,1,1,3
2694,test,1,2,1,1,1,3
2697,validation,1,2,1,1,0,1
2698,test,1,2,1,0,0,1
2700,test,1,2,1,1,1,3
2702,validation,1,2,1,1,1,3
2703,validation,1,1,1,1,1,2
2704,validation,1,1,1,1,0,2
2705,test,1,2,1,1,1,3
2708,test,1,2,1,1,1,3
2709,test,1,2,1,1,1,3
2710,test,1,2,1,0,0,3
2712,validation,1,2,1,1,1,3
2713,validation,1,2,1,1,0,1
2714,test,1,2,1,1,1,3
2715,validation,1,2,1,1,1,3
2716,validation,1,1,1,1,0,2
2718,validation,1,2,1,0,0,1
2721,validation,1,1,1,1,1,2
2722,test,1,1,1,1,1,2
2723,validation,1,1,1,1,1,2
2725,validation,1,1,1,1,1,2
2726,test,1,2,1,1,1,3
2728,validation,1,2,1,1,0,3
2729,test,1,1,1,1,1,2
2730,validation,1,1,1,1,0,3
2731,validation,1,2,1,0,0,1
2732,training,1,1,1,1,0,2
2733,test,1,2,1,0,0,1
2734,test,1,2,1,1,1,3
2735,test,1,2,1,1,1,3
2736,validation,1,2,1,1,1,3
2737,test,1,2,1,1,1,3
2738,test,1,2,1,1,1,3
2740,test,1,1,0,0,0,0
2741,validation,1,2,0,0,0,0
2743,test,1,2,1,1,1,3
2745,test,1,2,1,1,1,3
2746,validation,1,2,1,1,1,3
2747,validation,1,1,1,1,1,2
2749,validation,1,1,1,1,1,2
2750,test,1,2,1,1,1,3
2751,validation,1,2,1,1,0,3
2753,validation,1,1,1,1,1,2
2754,test,1,1,1,0,0,2
2755,test,1,2,1,1,1,3
2758,validation,1,2,1,1,1,3
2759,test,1,2,1,1,1,3
2761,training,1,2,1,1,1,3
2762,validation,1,1,0,0,0,0
2763,validation,1,2,1,1,0,2
2765,validation,1,2,1,1,1,3
2767,test,1,1,1,1,1,2
2768,test,1,1,1,1,0,2
2769,validation,1,2,1,1,1,3
2770,validation,1,2,1,1,1,3
2771,validation,1,2,1,1,1,3
2772,validation,1,2,1,1,1,3
2773,test,1,1,1,1,1,2
2775,validation,1,2,1,1,0,2
2777,validation,1,1,1,1,1,2
2778,test,1,1,1,1,1,2
2779,validation,1,2,1,1,1,3
2780,training,1,2,1,1,1,3
2781,test,1,2,1,1,0,1
2782,validation,1,1,1,1,0,3
2783,validation,1,2,1,1,0,1
2784,validation,1,2,1,1,0,3
2785,validation,1,1,1,1,0,2
2786,validation,1,2,1,1,0,3
2787,test,1,2,1,1,0,3
2788,validation,1,2,1,1,1,3
2789,test,1,2,1,1,1,3
2790,test,1,2,1,1,0,3
2791,test,1,2,1,1,0,3
2792,test,1,2,1,0,0,3
2794,test,1,2,1,1,1,3
2795,validation,1,2,1,1,0,3
2796,validation,1,2,1,1,0,3
2797,validation,1,2,1,1,0,1
2799,validation,1,2,1,1,0,3
2801,test,1,1,1,1,0,2
2802,training,1,2,1,1,1,3
2803,test,3,2,1,1,0,3
2804,validation,1,1,1,1,1,2
2805,validation,1,2,1,1,0,2
2806,test,1,1,1,1,0,3
2807,validation,3,2,1,0,0,1
2808,test,3,2,0,0,0,0
2810,validation,1,1,1,1,0,2
2811,validation,1,1,1,1,0,2
2812,test,1,1,1,1,1,2
2813,validation,1,2,1,1,0,3
2814,test,1,1,1,1,1,2
2819,validation,3,2,1,0,0,1
2820,validation,3,2,0,0,1,1
2821,validation,3,2,1,0,0,1
2822,test,3,2,0,0,0,0
2824,validation,3,2,1,0,0,1
2825,test,3,2,1,0,0,1
2826,test,3,2,0,0,0,0
2827,validation,3,2,0,0,0,0
2828,validation,3,2,1,1,0,1
2829,validation,3,2,1,0,0,1
2830,validation,3,2,1,1,0,1
2831,validation,3,2,1,0,0,1
2832,training,3,2,1,1,0,1
2834,test,3,2,1,0,0,1
2835,test,3,2,1,0,0,1
2836,test,3,2,1,0,0,1
2837,test,3,2,0,0,0,0
2839,validation,3,2,1,1,1,1
2840,validation,3,2,1,0,0,1
2841,validation,3,2,0,0,0,0
2843,validation,3,2,1,1,1,1
2844,test,3,2,1,0,0,1
2846,test,1,1,1,1,0,2
2847,test,1,2,1,1,1,3
2849,test,1,1,1,1,1,2
2850,test,1,2,0,0,0,0
2851,validation,1,1,1,1,1,2
2852,test,1,1,0,0,0,0
2853,validation,1,1,0,0,0,0
2855,validation,1,2,1,1,1,3
2856,test,1,2,1,1,0,3
2857,test,1,1,1,1,1,2
2858,validation,1,2,1,1,1,3
2859,validation,1,2,1,1,0,1
2860,validation,3,2,0,0,0,0
2861,validation,3,2,1,1,0,1
2862,test,3,2,1,0,0,1
2863,test,3,2,0,0,0,0
2864,validation,3,2,1,1,0,1
2865,test,3,2,1,0,0,1
2866,test,3,2,1,0,0,1
2867,validation,3,2,1,0,0,1
2868,test,3,2,1,0,0,1
2870,training,3,2,1,1,0,1
2871,test,1,2,1,1,0,3
2872,test,1,2,1,0,0,1
2873,test,1,2,1,1,0,3
2874,test,1,1,0,0,0,0
2875,test,1,2,1,1,0,1
2876,training,3,2,0,0,0,2
2877,test,3,2,1,1,1,1
2878,test,3,2,0,0,0,0
2879,test,3,2,1,0,0,1
2880,validation,3,2,0,0,0,0
2881,test,3,2,0,0,0,0
2882,validation,3,2,0,0,0,0
2883,validation,3,2,1,0,0,1
2884,test,3,2,0,0,0,0
2885,test,3,2,1,1,1,1
2887,test,3,2,0,0,0,0
2888,test,3,2,0,0,0,0
2889,validation,3,2,1,0,0,1
2891,validation,3,2,1,1,0,1
2892,test,3,2,1,1,1,1
